beneficiary_id,list_id,first_name,last_name,middle_name,ext_name,birth_date,region,province,city,barangay,marital_status
1,101,John,Dela Cruz,M.,,15/04/1999,Region X,Misamis Oriental,Cagayan de Oro,Carmen,Single
2,102,Maria,Santos,L.,,22/07/1994,Region X,Misamis Oriental,Cagayan de Oro,,Married
3,101,Jhon,Dela Cruz,M.,,15/04/1999,Region X,Misamis Oriental,Cagayan de Oro,Carmen,Single
4,103,Kryztel,Anne,,,30/01/2002,Region X,Misamis Oriental,Cagayan de Oro,Macasandig,Single
5,104,Crystal,Ann,,,30/01/2002,Region X,Misamis Oriental,Cagayan de Oro,Macasandig,Single
6,105,Juan,dela Cruz,M.,Jr.,15/04/1999,Region X,Misamis Oriental,Cagayan de Oro,Kauswagan,Single
7,106,Ana Marie,Lopez,S.,,09/08/1996,Region X,Misamis Oriental,Cagayan de Oro,Bulua,Married
8,106,Ana Marie,Lopez,S.,,09/08/1996,Region X,Misamis Oriental,Cagayan de Oro,Bulua,Married
9,107,Mark Anthony,Reyes,T.,,,Region X,Misamis Oriental,Cagayan de Oro,Lapasan,Single
10,108,Joshua,Lim,A.,,03/11/1988,Region X,Misamis Oriental,Cagayan de Oro,,Single
11,101,John,Dela Cruz,M.,,20/04/2000,Region X,Misamis Oriental,Cagayan de Oro,Carmen,Single
12,102,Maria,Santos,L.,,22/07/1994,Region X,Misamis Oriental,Cagayan de Oro,camaman-an,Single
